{
  "riddles": [
    {
      "question": "I speak without a mouth and hear without ears. What am I?",
      "answer": "Echo"
    },
    {
      "question": "The more you take from me, the bigger I get. What am I?",
      "answer": "Hole"
    },
    {
      "question": "I’m tall when I’m young and short when I’m old. What am I?",
      "answer": "Candle"
    },
    {
      "question": "What has keys but can’t open locks?",
      "answer": "Piano"
    },
    {
      "question": "What has hands but can’t clap?",
      "answer": "Clock"
    },
    {
      "question": "I’m always in front of you but can’t be seen. What am I?",
      "answer": "Future"
    },
    {
      "question": "What has a head, a tail, is brown, and has no legs?",
      "answer": "Penny"
    },
    {
      "question": "What gets wetter as it dries?",
      "answer": "Towel"
    },
    {
      "question": "The more you take away, the more I become. What am I?",
      "answer": "Hole"
    },
    {
      "question": "I fly without wings. I cry without eyes. Wherever I go, darkness flies. What am I?",
      "answer": "Cloud"
    }
  ]
}